"TABLE_NAME","COLUMN_NAME","DATA_TYPE"
"STTM_CUST_ACCOUNT","INF_OFFSET_ACCOUNT","VARCHAR2"
"STTM_BRANCH","IBAN_CHK_DIG_ALGO","VARCHAR2"
"STTM_CUSTOMER_CAT","ONCE_AUTH","CHAR"
"STTM_CUST_PERSONAL","LAST_NAME","VARCHAR2"
"STTM_CUST_ACCOUNT","MAX_NO_CHEQUE_REJECTIONS","NUMBER"
"STTM_CUST_ACCOUNT","PRODUCT_LIST","VARCHAR2"
"GLTM_GLMASTER","MAKER_DT_STAMP","DATE"
"STTM_CUST_ACCOUNT","CHECKBOOK_NAME_1","VARCHAR2"
"STTM_CUST_ACCOUNT","CR_LM_START_DATE","DATE"
"STTM_CUST_ACCOUNT","ACY_ACCRUED_DR_IC","NUMBER"
"STTM_CUST_ACCOUNT","TOD_START_DATE","DATE"
"STTM_CUST_ACCOUNT","ACC_STMT_TYPE2","CHAR"
"CSTM_PRODUCT","BRANCHES_LIST","CHAR"
"STTM_BRANCH","CONVERSION_TXNCODE","VARCHAR2"
"STTM_CUST_ACCOUNT","FI_CUSTOMER","CHAR"
"STTM_CUST_ACCOUNT","COUNTRY_CODE","VARCHAR2"
"STTM_CUST_ACCOUNT","AC_STMT_TYPE","CHAR"
"STTM_CUST_ACCOUNT","ACCOUNT_AUTO_CLOSED","VARCHAR2"
"SMTB_MODULES","FA_BATCH_ENABLED","VARCHAR2"
"STTM_BRANCH","DEFERRED_STMT","VARCHAR2"
"STTM_CUSTOMER","TAX_GROUP","VARCHAR2"
"STTM_CUST_ACCOUNT","CAMT_STMT_CYCLE","VARCHAR2"
"STTM_BRANCH","HOST_NAME","VARCHAR2"
"STTM_CUSTOMER","LANGUAGE","VARCHAR2"
"STTM_CUST_ACCOUNT","UNCOLL_FUNDS_END_DT","DATE"
"STTM_CUST_ACCOUNT","RECEIVABLE_AMOUNT","NUMBER"
"STTM_CUST_PERSONAL","MINOR","CHAR"
"STTM_BRANCH","STATUS_PROCESSING_BASIS","VARCHAR2"
"STTM_CUSTOMER","CRS_TYPE","VARCHAR2"
"CSTM_PRODUCT","PRODUCT_SLOGAN","VARCHAR2"
"STTM_BRANCH","GMT_AHEAD","VARCHAR2"
"STTM_CUST_ACCOUNT","BANCONTROL_REASON_CODE","VARCHAR2"
"STTM_CUST_PERSONAL","CUSTOMER_PREFIX1","VARCHAR2"
"GLTM_GLMASTER","AC_STMT_REQUIRED","CHAR"
"STTM_BRANCH","SECTOR_CODE","VARCHAR2"
"STTM_CUST_ACCOUNT","REFERRAL_REQUIRED","VARCHAR2"
"STTM_BRANCH","INTERIM_STATUS_DAYS","NUMBER"
"STTM_BRANCH","PL_SPLIT_REQD","VARCHAR2"
"STTM_CUSTOMER","AUTO_LIAB","VARCHAR2"
"STTM_CUST_ACCOUNT","CAS_ACCOUNT","CHAR"
"SMTB_MODULES","AC_CLASS_APPLICABLE","CHAR"
"STTM_CUST_ACCOUNT","ADDRESS2","VARCHAR2"
"GLTM_GLMASTER","CCY_RES","CHAR"
"GLTM_GLMASTER","BAL_TRFR_ON_MIS_RECLASS","VARCHAR2"
"STTM_BRANCH","OFFSET_MIN","NUMBER"
"STTM_CUSTOMER","CLS_PARTICIPANT","VARCHAR2"
"STTM_CUSTOMER","CREDIT_RATING","VARCHAR2"
"ACTB_HISTORY","EVENT_SR_NO","NUMBER"
"ACTB_HISTORY","AML_EXCEPTION","VARCHAR2"
"GLTM_GLMASTER","AC_STMT_TYPE","CHAR"
"STTM_CUST_ACCOUNT","REGD_PERIODICITY","VARCHAR2"
"ACTB_HISTORY","VALUE_DT","DATE"
"STTM_BRANCH","COD_ATM_STOP","CHAR"
"STTM_CUST_ACCOUNT","DATE_LAST_DR","DATE"
"CSTM_PRODUCT","MAXIMUM_RATE_VARIANCE","NUMBER"
"STTM_CUST_ACCOUNT","INF_OFFSET_BRANCH","VARCHAR2"
"ACTB_HISTORY","RELATED_REFERENCE","VARCHAR2"
"CSTM_PRODUCT_GROUP","CHECKER_ID","VARCHAR2"
"CSTM_PRODUCT_GROUP","MOD_NO","NUMBER"
"SMTB_MODULES","CB_CLASS_APPLICABLE","CHAR"
"STTM_BRANCH","DORMANCY_ACT_LEVEL","VARCHAR2"
"STTM_BRANCH","REVAL_BRANCH","VARCHAR2"
"STTM_CUST_ACCOUNT","AC_STAT_CR_OVD","CHAR"
"STTM_CUST_PERSONAL","PA_HOLDER_NATIONALTY","VARCHAR2"
"STTM_CUSTOMER","EXPOSURE_CATEGORY","VARCHAR2"
"GLTM_GLMASTER","HO_RES","CHAR"
"GLTM_GLMASTER","AC_STMT_DAY","NUMBER"
"STTM_CUST_ACCOUNT","CONSOL_CHG_BRN","VARCHAR2"
"GLTM_GLMASTER","REVAL","CHAR"
"STTM_BRANCH","INTERNAL_SWAP_CUSTOMER","VARCHAR2"
"STTM_BRANCH","COD_START_TANK","CHAR"
"STTM_CUST_ACCOUNT","ACY_TOVER_CR","NUMBER"
"STTM_CUST_ACCOUNT","PREVIOUS_STATEMENT_NO2","NUMBER"
"CSTM_PRODUCT","MODULE","VARCHAR2"
"STTM_CUST_ACCOUNT","LINKED_DEP_ACC","VARCHAR2"
"STTM_CUST_ACCOUNT","CHG_DUE","NUMBER"
"STTM_CUST_ACCOUNT","ESCROW_TRANSFER","CHAR"
"STTM_CUST_ACCOUNT","PREV_PAGE_NO","NUMBER"
"STTM_BRANCH","CONSOL_TAX_CERT_REQD","VARCHAR2"
"STTM_CUSTOMER","TRACK_LIMITS","CHAR"
"STTM_CUSTOMER","CHK_DIGIT_VALID_REQD","VARCHAR2"
"STTM_CUST_ACCOUNT","ALT_AC_NO","VARCHAR2"
"STTM_CUST_ACCOUNT","DR_INT_DUE","NUMBER"
"STTM_CUST_ACCOUNT","LCY_TANK_CR","NUMBER"
"STTM_CUST_ACCOUNT","TOD_END_DATE","DATE"
"STTM_CUST_ACCOUNT","REG_CC_AVAILABLE_FUNDS","NUMBER"
"STTM_CUST_ACCOUNT_DORMANCY","DORMANCY_START_DT","DATE"
"STTM_CUST_ACCOUNT","EXCL_SAMEDAY_RVRTRNS_FM_STMT","VARCHAR2"
"STTM_CUST_ACCOUNT_DORMANCY","BRANCH_CODE","VARCHAR2"
"STTM_BRANCH","TELEX_ADDR","VARCHAR2"
"STTM_CUST_ACCOUNT","ACY_OPENING_BAL","NUMBER"
"STTM_CUST_ACCOUNT","LCY_CURR_BALANCE","NUMBER"
"STTM_CUST_ACCOUNT","PREVIOUS_STATEMENT_NO3","NUMBER"
"STTM_CUST_ACCOUNT_DORMANCY","DORMANCY_END_DT","DATE"
"STTM_BRANCH","EOC_STAGE","VARCHAR2"
"STTM_CUST_ACCOUNT","DISPLAY_IBAN_IN_ADVICES","VARCHAR2"
"CSTM_PRODUCT","PRODUCT_CODE","VARCHAR2"
"STTM_CUSTOMER","AUTOGEN_STMTPLAN","VARCHAR2"
"STTM_CUST_ACCOUNT","REGD_END_DATE","DATE"
"STTM_CUST_ACCOUNT","TYPE_OF_CHQ","VARCHAR2"
"STTM_CUST_PERSONAL","FAX_ISD_NO","NUMBER"
"CSTM_PRODUCT","MAKER_ID","VARCHAR2"
"STTM_BRANCH","ICEOD_STATUS","VARCHAR2"
"STTM_CUSTOMER","STMT_DAY","VARCHAR2"
"STTM_CUSTOMER","MAKER_DT_STAMP","DATE"
"SMTB_MODULES","ARC_APPLICABLE","CHAR"
"STTM_BRANCH","SUSPENSE_ENTRY_REQD","VARCHAR2"
"STTM_CUSTOMER","ELCM_CUSTOMER","VARCHAR2"
"STTM_CUST_ACCOUNT","MT110_RECON_REQD","VARCHAR2"
"STTM_CUST_ACCOUNT","AC_STAT_DR_OVD","CHAR"
"STTM_BRANCH","ATM_SUSPENSE_GL","VARCHAR2"
"STTM_CUST_ACCOUNT","CUST_NO","VARCHAR2"
"STTM_CUST_ACCOUNT","INTERIM_CREDIT_AMT","NUMBER"
"STTM_CUST_PERSONAL","CUSTOMER_PREFIX2","VARCHAR2"
"STTM_CUST_ACCOUNT","LINE_ID","CHAR"
"STTM_CUSTOMER_CAT","POPULATE_CHANGES_LOG","CHAR"
"SMTB_MODULES","MODULE_ID","VARCHAR2"
"STTM_CUSTOMER_CAT","MAKER_DT_STAMP","DATE"
"STTM_CUSTOMER","OVERALL_LIMIT","NUMBER"
"STTM_CUST_ACCOUNT","STALE_DAYS","NUMBER"
"STTM_CUSTOMER","EXPOSURE_COUNTRY","VARCHAR2"
"STTM_CUST_ACCOUNT","REGD_START_DATE","DATE"
"ACTB_HISTORY","GLMIS_VAL_UPD_FLAG","CHAR"
"STTM_CUST_ACCOUNT","SPECIAL_CONDITION_TXNCODE","VARCHAR2"
"STTM_CUST_ACCOUNT","FUNDING","VARCHAR2"
"STTM_CUST_ACCOUNT","BALANCE_REPORT_TYPE","VARCHAR2"
"SMTB_MODULES","PURGE_AVAILABLE","CHAR"
"STTM_BRANCH","REPORT_DSN","VARCHAR2"
"STTM_CUST_ACCOUNT","AUTO_DC_REQUEST","CHAR"
"STTM_CUST_ACCOUNT","MEDIA","VARCHAR2"
"STTM_CUST_PERSONAL","TEL_ISD_NO","NUMBER"
"STTM_CUSTOMER","DECEASED","CHAR"
"STTM_CUST_ACCOUNT","TOD_SINCE","DATE"
"STTM_CUSTOMER","UTILITY_PROVIDER_TYPE","VARCHAR2"
"STTM_CUST_ACCOUNT","IBAN_AC_NO","VARCHAR2"
"ACTB_HISTORY","BANK_CODE","VARCHAR2"
"GLTM_GLMASTER","ED_FCYRVL_SINGLEENTRY","CHAR"
"STTM_CUST_ACCOUNT","GOAL_REF_NO","VARCHAR2"
"STTM_CUST_ACCOUNT","PREVIOUS_STATEMENT_BALANCE3","NUMBER"
"CSTM_PRODUCT","PORTFOLIO_PRODUCT_ALLOW","VARCHAR2"
"STTM_CUSTOMER","LC_COLLATERAL_PCT","NUMBER"
"STTM_CUSTOMER","ELCM_CUSTOMER_NO","VARCHAR2"
"STTM_CUSTOMER","CUSTOMER_NAME1","VARCHAR2"
"STTM_CUST_ACCOUNT","COLLATERAL_LINKAGE","VARCHAR2"
"STTM_CUST_ACCOUNT","ALLOW_BACK_PERIOD_ENTRY","CHAR"
"STTM_CUSTOMER","MOD_NO","NUMBER"
"STTM_CUST_ACCOUNT","PREVIOUS_STATEMENT_DATE3","DATE"
"CSTM_PRODUCT","PRODUCT_GROUP","VARCHAR2"
"GLTM_GLMASTER","RES_CCY","VARCHAR2"
"STTM_BRANCH","DEF_BANK_OPER_CODE","VARCHAR2"
"STTM_BRANCH","OFFSET_CLEARING_ACCOUNT","VARCHAR2"
"STTM_BRANCH","CURRENT_CYCLE","VARCHAR2"
"STTM_CUST_ACCOUNT","CHECKER_ID","VARCHAR2"
"STTM_CUST_ACCOUNT","STMT_OF_FEES_ON","NUMBER"
"STTM_CUST_ACCOUNT","INHERIT_REPORTING","VARCHAR2"
"STTM_CUST_ACCOUNT","ACY_UNAUTH_UNCOLLECTED","NUMBER"
"STTM_CUST_ACCOUNT","AC_STAT_DE_POST","CHAR"
"STTM_CUST_ACCOUNT","TOD_LIMIT_END_DATE","DATE"
"STTM_CUST_ACCOUNT","STATUS_CHANGE_AUTOMATIC","VARCHAR2"
"STTM_CUST_PERSONAL","MOTHER_MAIDEN_NAME","VARCHAR2"
"STTM_BRANCH","NOTICE_PERIOD","NUMBER"
"STTM_BRANCH","PARENT_BRANCH","VARCHAR2"
"CSTM_PRODUCT","GEN_MT103P","VARCHAR2"
"STTM_BRANCH","UNCOLLECTED_FUNDS_BASIS","CHAR"
"STTM_BRANCH","IBAN_MASK_BANK_CODE","VARCHAR2"
"STTM_CUSTOMER","FX_CLEAN_RISK_LIMIT","NUMBER"
"ACTB_HISTORY","PRODUCT","VARCHAR2"
"CSTM_PRODUCT_GROUP","MAKER_DT_STAMP","DATE"
"GLTM_GLMASTER","LEAF","CHAR"
"STTM_CUSTOMER","AML_CUSTOMER_GRP","VARCHAR2"
"STTM_CUSTOMER","ADDRESS_LINE1","VARCHAR2"
"STTM_CUSTOMER_CAT","AUTH_STAT","CHAR"
"STTM_BRANCH","MAKER_ID","VARCHAR2"
"STTM_CUSTOMER","LIAB_NODE","VARCHAR2"
"STTM_CUST_ACCOUNT","TRACK_RECEIVABLE","VARCHAR2"
"STTM_BRANCH","MAX_REAL_SUSPENSE_AMT","NUMBER"
"STTM_CUSTOMER","PAST_DUE_FLAG","VARCHAR2"
"STTM_CUST_ACCOUNT","AC_STAT_NO_CR","CHAR"
"STTM_CUST_ACCOUNT","MIN_REQD_BAL","NUMBER"
"ACTB_HISTORY","FCY_AMOUNT","NUMBER"
"ACTB_HISTORY","CLAIM_AMOUNT","NUMBER"
"ACTB_HISTORY","DONT_SHOWIN_STMT_FEE","VARCHAR2"
"STTM_CUSTOMER","STAFF","VARCHAR2"
"STTM_CUSTOMER","CUSTOMER_NO","VARCHAR2"
"STTM_CUST_ACCOUNT","PREV_OVD_DATE","DATE"
"SMTB_MODULES","MAKER_DT_STAMP","DATE"
"STTM_CUST_ACCOUNT","AUTO_REORDER_CHECK_LEVEL","NUMBER"
"STTM_CUST_ACCOUNT","MOD9_VALIDATION_REQD","VARCHAR2"
"STTM_CUST_ACCOUNT","LCY_MTD_TOVER_CR","NUMBER"
"ACTB_HISTORY","TYPE","CHAR"
"CSTM_PRODUCT","CHECKER_ID","VARCHAR2"
"STTM_BRANCH","OFFSET_HR","NUMBER"
"STTM_CUST_ACCOUNT","PREVIOUS_STATEMENT_BALANCE","NUMBER"
"STTM_CUST_ACCOUNT","ACY_TANK_DR","NUMBER"
"STTM_CUST_ACCOUNT","ACY_UNAUTH_TANK_UNCOLLECTED","NUMBER"
"CSTM_PRODUCT","RATE_CODE_PREFERRED","VARCHAR2"
"STTM_CUSTOMER_CAT","MAKER_ID","VARCHAR2"
"STTM_CUST_ACCOUNT","PREV_TOD_SINCE","DATE"
"STTM_CUST_ACCOUNT","DATE_LAST_CR_ACTIVITY","DATE"
"GLTM_GLMASTER","REPOST_FCY_ENTRIES","CHAR"
"GLTM_GLMASTER","MEDIA","VARCHAR2"
"STTM_CUSTOMER","RM_ID","VARCHAR2"
"STTM_CUST_ACCOUNT","MUDARABAH_ACCOUNTS","VARCHAR2"
"STTM_CUST_ACCOUNT","ADDRESS1","VARCHAR2"
"GLTM_GLMASTER","PROFIT_ACC","VARCHAR2"
"STTM_CUSTOMER","VRTL_CUSTOMER_ID","VARCHAR2"
"STTM_CUST_ACCOUNT","ACY_MTD_TOVER_DR","NUMBER"
"STTM_CUST_ACCOUNT","PREVIOUS_STATEMENT_NO","NUMBER"
"STTM_CUSTOMER","RISK_CATEGORY","VARCHAR2"
"STTM_CUST_ACCOUNT","RECORD_STAT","CHAR"
"STTM_CUST_ACCOUNT","REG_D_APPLICABLE","CHAR"
"ACTB_HISTORY","AC_CCY","VARCHAR2"
"STTM_BRANCH","CLEARING_BANK_CODE","VARCHAR2"
"STTM_CUSTOMER","LIABILITY_NO","VARCHAR2"
"STTM_CUST_PERSONAL","HOME_TEL_ISD","NUMBER"
"STTM_CUST_PERSONAL","TELEPHONE","VARCHAR2"
"STTM_CUST_ACCOUNT","AC_STMT_DAY","NUMBER"
"STTM_CUST_PERSONAL","P_ADDRESS3","VARCHAR2"
"STTM_BRANCH","TIME_LEVEL","NUMBER"
"STTM_CUST_ACCOUNT","EXCLUDE_FROM_DISTRIBUTION","CHAR"
"STTM_CUST_ACCOUNT","CR_AUTO_EX_RATE_LMT","NUMBER"
"STTM_CUST_ACCOUNT","GEN_INTERIM_STMT_ON_MVMT","VARCHAR2"
"ACTB_HISTORY","AC_NO","VARCHAR2"
"STTM_CUSTOMER","EXT_REF_NO","VARCHAR2"
"STTM_CUSTOMER","NATIONALITY","VARCHAR2"
"STTM_CUSTOMER","HO_AC_NO","VARCHAR2"
"STTM_CUSTOMER_CAT","CUST_CAT_DESC","VARCHAR2"
"STTM_CUST_ACCOUNT","MAKER_ID","VARCHAR2"
"STTM_BRANCH","GMT_HOURS","NUMBER"
"STTM_BRANCH","MAKER_DT_STAMP","DATE"
"STTM_CUSTOMER","CIF_STATUS_SINCE","DATE"
"STTM_CUST_ACCOUNT","UNCOLL_FUNDS_LIMIT","NUMBER"
"STTM_CUSTOMER","FAX_NUMBER","VARCHAR2"
"GLTM_GLMASTER","ADDRESS4","VARCHAR2"
"STTM_CUST_ACCOUNT","AC_STAT_CB_DORMANT","VARCHAR2"
"STTM_CUST_ACCOUNT","REPL_CUST_SIG","CHAR"
"GLTM_GLMASTER","ED_FCYRVL_ENTRYPAIR","CHAR"
"STTM_CUST_ACCOUNT","AC_STMT_CYCLE2","CHAR"
"STTM_CUST_PERSONAL","P_ADDRESS4","VARCHAR2"
"SMTB_MODULES","MAKER_ID","VARCHAR2"
"STTM_BRANCH","COD_ATM_BRANCH","NUMBER"
"STTM_CUSTOMER","UNIQUE_ID_NAME","VARCHAR2"
"STTM_BRANCH","MIS_CCY_MISMATCH_GROUP","VARCHAR2"
"STTM_CUSTOMER","INTRODUCER","VARCHAR2"
"STTM_CUSTOMER","LIMIT_CCY","VARCHAR2"
"STTM_CUSTOMER","ADDRESS_LINE3","VARCHAR2"
"STTM_CUST_ACCOUNT","OVERDRAFT_SINCE","DATE"
"STTM_BRANCH","BRANCH_ADDR2","VARCHAR2"
"STTM_CUSTOMER","UDF_1","VARCHAR2"
"STTM_BRANCH","OFFSET_MINS","NUMBER"
"STTM_CUST_ACCOUNT","SWEEP_TYPE","NUMBER"
"STTM_BRANCH","END_OF_INPUT","CHAR"
"STTM_CUST_ACCOUNT","SPL_AC_GEN","CHAR"
"CSTM_PRODUCT","AUTH_STAT","CHAR"
"CSTM_PRODUCT","ONCE_AUTH","CHAR"
"SMTB_MODULES","CR_CLASS_APPLICABLE","CHAR"
"STTM_BRANCH","PROCEED_WITHOUT_FLOAT","CHAR"
"STTM_CUST_ACCOUNT","NSF_AUTO_UPDATE","VARCHAR2"
"ACTB_HISTORY","BATCH_NO","VARCHAR2"
"STTM_BRANCH","ONCE_AUTH","CHAR"
"STTM_CUSTOMER","AUTO_CUST_AC_NO","VARCHAR2"
"STTM_CUST_ACCOUNT","HAS_TOV","CHAR"
"STTM_BRANCH","ALLOW_CORPORATE_ACCESS","VARCHAR2"
"STTM_BRANCH","CONT_SUSPENSE_GL_FCY","VARCHAR2"
"STTM_BRANCH","BRANCH_ADDR1","VARCHAR2"
"STTM_CUSTOMER","UTILITY_PROVIDER","VARCHAR2"
"STTM_CUST_ACCOUNT","MAKER_DT_STAMP","DATE"
"STTM_CUST_PERSONAL","D_COUNTRY","VARCHAR2"
"STTM_CUST_ACCOUNT","DR_CB_LINE","VARCHAR2"
"STTM_CUST_ACCOUNT","STMT_OF_FEES_CYCLE","CHAR"
"STTM_CUST_ACCOUNT","OVERLINE_OD_SINCE","DATE"
"STTM_CUST_PERSONAL","SEX","CHAR"
"GLTM_GLMASTER","AUTH_STAT","CHAR"
"STTM_CUST_ACCOUNT","ACCOUNT_TYPE","VARCHAR2"
"STTM_CUST_ACCOUNT","INTERIM_REPORT_SINCE","VARCHAR2"
"STTM_CUST_ACCOUNT","ACY_CURR_BALANCE","NUMBER"
"STTM_CUSTOMER","UDF_2","VARCHAR2"
"STTM_CUSTOMER","CUST_CLG_GROUP","VARCHAR2"
"STTM_CUST_ACCOUNT","ACY_TODAY_TOVER_DR","NUMBER"
"ACTB_HISTORY","TRN_CODE","VARCHAR2"
"STTM_BRANCH","GEN_MT103","VARCHAR2"
"STTM_CUST_ACCOUNT","LAST_PURGE_DATE","DATE"
"STTM_CUST_ACCOUNT","MODE_OF_OPERATION","CHAR"
"ACTB_HISTORY","LCY_AMOUNT","NUMBER"
"ACTB_HISTORY","PRODUCT_PROCESSOR","VARCHAR2"
"STTM_CUST_ACCOUNT","PROV_CCY_TYPE","VARCHAR2"
"CSTM_PRODUCT","PRODUCT_START_DATE","DATE"
"STTM_BRANCH","BRANCH_ADDR3","VARCHAR2"
"STTM_CUSTOMER","FI_CUSTOMER","CHAR"
"STTM_CUST_ACCOUNT","CUST_AC_NO","VARCHAR2"
"STTM_CUST_ACCOUNT","LIMIT_CCY","VARCHAR2"
"STTM_CUST_ACCOUNT","REG_CC_AVAILABILITY","VARCHAR2"
"STTM_CUST_ACCOUNT","ACY_UNAUTH_DR","NUMBER"
"CSTM_PRODUCT","CHECKER_DT_STAMP","DATE"
"STTM_CUST_ACCOUNT","POSITIVE_PAY_AC","CHAR"
"STTM_CUST_ACCOUNT","PREV_AC_SRNO_PRINTED_IN_PBK","NUMBER"
"STTM_BRANCH","MOD_NO","NUMBER"
"STTM_CUST_ACCOUNT","ORG_FUNC_ID","VARCHAR2"
"SMTB_MODULES","ONCE_AUTH","VARCHAR2"
"STTM_BRANCH","SUSPENSE_BATCH_NO","VARCHAR2"
"STTM_CUSTOMER","CHARGE_GROUP","VARCHAR2"
"STTM_CUST_ACCOUNT","AC_DESC","VARCHAR2"
"STTM_CUSTOMER","AR_AP_TRACKING","VARCHAR2"
"GLTM_GLMASTER","MAKER_ID","VARCHAR2"
"STTM_CUST_ACCOUNT","INTERIM_STMT_YTD_COUNT","NUMBER"
"STTM_CUST_PERSONAL","MIDDLE_NAME","VARCHAR2"
"STTM_CUST_PERSONAL","MOB_ISD_NO","NUMBER"
"STTM_BRANCH","REFERRAL_MIN","NUMBER"
"STTM_CUST_ACCOUNT","INF_WAIVE_ACC_OPEN_CHARGE","VARCHAR2"
"STTM_CUSTOMER_CAT","CHECKER_DT_STAMP","DATE"
"STTM_CUST_ACCOUNT","NOMINEE1","VARCHAR2"
"STTM_CUST_PERSONAL","P_ADDRESS2","VARCHAR2"
"STTM_CUST_PERSONAL","D_PINCODE","VARCHAR2"
"GLTM_GLMASTER","INTRADAY_POSTING_GL","VARCHAR2"
"STTM_CUSTOMER","DEBTOR_CATEGORY","VARCHAR2"
"STTM_CUST_ACCOUNT","ACY_UNAUTH_TANK_CR","NUMBER"
"ACTB_HISTORY","GRP_REF_NO","VARCHAR2"
"SMTB_MODULES","MOD_NO","NUMBER"
"STTM_BRANCH","DEFERRED_STMT_STATUS","VARCHAR2"
"STTM_CUSTOMER","ADDRESS_LINE2","VARCHAR2"
"STTM_CUST_ACCOUNT","DR_AUTO_EX_RATE_LMT","NUMBER"
"SMTB_MODULES","RH_CLASS_APPLICABLE","CHAR"
"STTM_CUST_ACCOUNT","DR_HO_LINE","VARCHAR2"
"STTM_CUST_ACCOUNT","CONSOLIDATION_REQD","VARCHAR2"
"STTM_BRANCH","TAX_CERT_FREQ","VARCHAR2"
"STTM_BRANCH","IBAN_CNTRY_CD","VARCHAR2"
"STTM_CUST_ACCOUNT","IS_FORGOTTEN","CHAR"
"STTM_CUST_ACCOUNT","PROVISION_AMOUNT","NUMBER"
"STTM_CUST_ACCOUNT","AUTO_DEPOSITS_BAL","NUMBER"
"ACTB_HISTORY","EXCH_RATE","NUMBER"
"SMTB_MODULES","CH_CLASS_APPLICABLE","CHAR"
"STTM_BRANCH","ALT_BRANCH_CODE","VARCHAR2"
"STTM_BRANCH","SUSPENSE_GL_FCY","VARCHAR2"
"STTM_CUSTOMER","SHORT_NAME2","VARCHAR2"
"STTM_CUST_PERSONAL","P_ADDRESS1","VARCHAR2"
"ACTB_HISTORY","EXTERNAL_REF_NO","VARCHAR2"
"CSTM_PRODUCT","POOL_CODE","VARCHAR2"
"STTM_BRANCH","GMT_MINS","NUMBER"
"STTM_CUST_ACCOUNT","CREDIT_TXN_LIMIT","NUMBER"
"STTM_CUST_ACCOUNT","LCY_TANK_DR","NUMBER"
"STTM_CUST_PERSONAL","PREF_CONTACT_TIME","NUMBER"
"STTM_BRANCH","CB_DORMANCY_DAYS","NUMBER"
"STTM_BRANCH","REFERRAL_HR","NUMBER"
"STTM_CUST_ACCOUNT","AUTO_DEPOSIT","VARCHAR2"
"STTM_CUST_ACCOUNT","STATEMENT_ACCOUNT","VARCHAR2"
"STTM_CUST_ACCOUNT","ATM_CUST_AC_NO","VARCHAR2"
"GLTM_GLMASTER","HO_LINE_DR","VARCHAR2"
"GLTM_GLMASTER","EOD_FCYRVL_REVR","CHAR"
"STTM_BRANCH","CLG_BRN_CODE","VARCHAR2"
"ACTB_HISTORY","STMT_DT","DATE"
"ACTB_HISTORY","VIRTUAL_AC_NO","VARCHAR2"
"STTM_CUSTOMER","COUNTRY","VARCHAR2"
"STTM_CUST_ACCOUNT","JOINT_AC_INDICATOR","CHAR"
"STTM_CUST_ACCOUNT","LAST_GENERATION_DATE","DATE"
"STTM_CUST_ACCOUNT","ACC_STATUS","VARCHAR2"
"CSTM_PRODUCT_GROUP","PRODUCT_GROUP_DESCRIPTION","VARCHAR2"
"STTM_CUST_ACCOUNT","VALIDATION_DIGIT","NUMBER"
"STTM_BRANCH","CHQNO_MASK","VARCHAR2"
"STTM_BRANCH","CIF_ID","VARCHAR2"
"STTM_CUST_ACCOUNT","ACC_STMT_DAY3","NUMBER"
"STTM_CUSTOMER","SEC_CUST_PSTL_RISK_LIMIT","NUMBER"
"STTM_CUST_ACCOUNT","ADDRESS4","VARCHAR2"
"STTM_CUST_PERSONAL","P_COUNTRY","VARCHAR2"
"ACTB_HISTORY","GLMIS_UPDATE_FLAG","CHAR"
"STTM_BRANCH","JOB_STAT","CHAR"
"STTM_CUSTOMER","CONSOL_TAX_CERT_REQD","VARCHAR2"
"STTM_BRANCH","WEEK_HOL2","VARCHAR2"
"STTM_CUSTOMER","UNIQUE_ID_VALUE","VARCHAR2"
"STTM_CUST_ACCOUNT","MT210_REQD","VARCHAR2"
"STTM_CUSTOMER","FREQUENCY","VARCHAR2"
"STTM_CUST_PERSONAL","VST_US_PREV","VARCHAR2"
"GLTM_GLMASTER","PARENT_GL","VARCHAR2"
"STTM_BRANCH","DSN_NAME","VARCHAR2"
"STTM_CUSTOMER","SANCTIONS_CHECKS_REQUIRED","VARCHAR2"
"GLTM_GLMASTER","BLOCK","CHAR"
"GLTM_GLMASTER","RECON","CHAR"
"STTM_BRANCH","BACK_VALUED_CHK_REQ","VARCHAR2"
"STTM_BRANCH","INTERDICT_CHECK_REQD","VARCHAR2"
"STTM_BRANCH","SWIFT_ADDR","VARCHAR2"
"STTM_CUSTOMER_CAT","CHECKER_ID","VARCHAR2"
"STTM_CUST_ACCOUNT","DORMANCY_DAYS","NUMBER"
"ACTB_HISTORY","PRINT_STAT","CHAR"
"CSTM_PRODUCT_GROUP","RECORD_STAT","CHAR"
"STTM_CUSTOMER","AML_REQUIRED","CHAR"
"STTM_BRANCH","CHECKER_DT_STAMP","DATE"
"STTM_CUSTOMER","FX_CUST_CLEAN_RISK_LIMIT","NUMBER"
"STTM_CUST_ACCOUNT","INTERIM_STMT_DAY_COUNT","NUMBER"
"STTM_CUST_PERSONAL","US_RES_STATUS","VARCHAR2"
"STTM_CUST_PERSONAL","PA_HOLDER_ADDR","VARCHAR2"
"STTM_BRANCH","BRANCH_LCY","VARCHAR2"
"STTM_CUST_ACCOUNT","SPECIAL_CONDITION_PRODUCT","VARCHAR2"
"STTM_CUST_ACCOUNT","INTERIM_REPORT_TYPE","VARCHAR2"
"STTM_CUST_ACCOUNT","PREV_RUNBAL_PRINTED_IN_PBK","NUMBER"
"CSTM_PRODUCT","RTH_CLASS","VARCHAR2"
"STTM_BRANCH","CONVERSION_GL","VARCHAR2"
"STTM_CUST_ACCOUNT","PASSBOOK_NUMBER","NUMBER"
"STTM_CUST_ACCOUNT","CLEARING_BANK_CODE","VARCHAR2"
"STTM_CUST_ACCOUNT","ACC_STMT_TYPE3","CHAR"
"CSTM_PRODUCT","INCLUDE_FOR_TDS_CALC","VARCHAR2"
"GLTM_GLMASTER","ALLOW_BACK_PERIOD_ENTRY","CHAR"
"STTM_BRANCH","REGIONAL_OFFICE","VARCHAR2"
"STTM_CUSTOMER","AUTO_CREATE_ACCOUNT","CHAR"
"GLTM_GLMASTER","CUSTOMER","CHAR"
"GLTM_GLMASTER","FLG_POSITION_AC","CHAR"
"STTM_BRANCH","CURRENT_TAX_CYCLE","VARCHAR2"
"STTM_CUSTOMER","JV_LIMIT_TRACKING","VARCHAR2"
"STTM_CUST_ACCOUNT","ACY_TANK_CR","NUMBER"
"ACTB_HISTORY","DRCR_IND","CHAR"
"STTM_CUST_PERSONAL","LEGAL_GUARDIAN","VARCHAR2"
"CSTM_PRODUCT_GROUP","ONCE_AUTH","CHAR"
"STTM_BRANCH","CLEARING_ACC","VARCHAR2"
"STTM_CUSTOMER","ONCE_AUTH","CHAR"
"STTM_CUST_ACCOUNT","ATM_FACILITY","CHAR"
"STTM_CUST_PERSONAL","PASSPORT_NO","VARCHAR2"
"STTM_BRANCH","TRACK_PY_PNL_ADJUSTMENT","CHAR"
"STTM_BRANCH","BANK_CODE","VARCHAR2"
"STTM_CUST_ACCOUNT","BANCONTROL_FLAG","CHAR"
"STTM_CUST_ACCOUNT","CAMT_FIXED_TIME","NUMBER"
"STTM_CUST_ACCOUNT","AC_SET_CLOSE_DATE","DATE"
"STTM_BRANCH","IBAN_MASK_ACCOUNT_NUMBER","VARCHAR2"
"STTM_CUST_ACCOUNT","LCY_MTD_TOVER_DR","NUMBER"
"ACTB_HISTORY","SAVE_TIMESTAMP","TIMESTAMP(6)"
"STTM_CUSTOMER","SPECIAL_CUST","CHAR"
"STTM_CUSTOMER_CAT","CUST_CAT","VARCHAR2"
"STTM_CUST_ACCOUNT","AC_STMT_CYCLE","CHAR"
"STTM_CUST_ACCOUNT","OFFLINE_LIMIT","NUMBER"
"ACTB_HISTORY","IB","CHAR"
"STTM_BRANCH","WALKIN_CUSTOMER","VARCHAR2"
"STTM_CUST_ACCOUNT","ESCROW_AC_NO","VARCHAR2"
"STTM_CUST_ACCOUNT","FUND_ID","VARCHAR2"
"STTM_CUST_ACCOUNT","LAST_CCY_CONV_DATE","DATE"
"ACTB_HISTORY","RELATED_ACCOUNT","VARCHAR2"
"STTM_BRANCH","CHEQUE_STALE_DAYS","NUMBER"
"STTM_CUST_ACCOUNT","MOD_NO","NUMBER"
"STTM_CUST_ACCOUNT","AUTO_PROV_REQD","VARCHAR2"
"GLTM_GLMASTER","CBANK_LINE_DR","VARCHAR2"
"SMTB_MODULES","INSTALLED","VARCHAR2"
"STTM_CUSTOMER","UDF_5","VARCHAR2"
"STTM_CUST_ACCOUNT","AUTO_REORDER_CHECK_REQUIRED","CHAR"
"STTM_CUST_ACCOUNT","LCY_OPENING_BAL","NUMBER"
"STTM_CUST_ACCOUNT","DORMANCY_DATE","DATE"
"STTM_CUST_PERSONAL","MOBILE_NUMBER","VARCHAR2"
"SMTB_MODULES","CHECKER_DT_STAMP","DATE"
"STTM_BRANCH","INDIVIDUAL_TAX_CERT_REQD","VARCHAR2"
"STTM_BRANCH","BRANCH_NAME","VARCHAR2"
"STTM_CUST_ACCOUNT","ACY_ACCRUED_CR_IC","NUMBER"
"STTM_CUST_PERSONAL","D_ADDRESS3","VARCHAR2"
"STTM_BRANCH","SUSPENSE_GLSL","VARCHAR2"
"STTM_CUSTOMER","MAKER_ID","VARCHAR2"
"STTM_CUSTOMER","ADDRESS_LINE4","VARCHAR2"
"SMTB_MODULES","MODULE_DESC","VARCHAR2"
"STTM_BRANCH","COUNTRY_CODE","VARCHAR2"
"STTM_CUST_ACCOUNT","LINKED_DEP_BRANCH","VARCHAR2"
"STTM_CUSTOMER","CUST_CLASSIFICATION","VARCHAR2"
"STTM_CUST_PERSONAL","P_PINCODE","VARCHAR2"
"STTM_CUSTOMER","FT_ACCTING_AS_OF","VARCHAR2"
"STTM_CUSTOMER","KYC_DETAILS","VARCHAR2"
"STTM_CUST_ACCOUNT","LCY_TODAY_TOVER_CR","NUMBER"
"ACTB_HISTORY","TRN_REF_NO","VARCHAR2"
"STTM_CUST_ACCOUNT","ACY_SWEEP_INELIGIBLE","NUMBER"
"STTM_CUST_ACCOUNT","ACCOUNT_DERIVED_STATUS","VARCHAR2"
"STTM_CUST_PERSONAL","FAX","VARCHAR2"
"STTM_BRANCH","SUSPENSE_TXN_CODE","VARCHAR2"
"ACTB_HISTORY","RELATED_AC_ENTRY_SR_NO","NUMBER"
"CSTM_PRODUCT","RATE_TYPE_PREFERRED","VARCHAR2"
"GLTM_GLMASTER","LOSS_ACC","VARCHAR2"
"SMTB_MODULES","DISC_ACCR_APPLICABLE","VARCHAR2"
"STTM_CUST_ACCOUNT","UNCOLL_FUNDS_START_DT","DATE"
"STTM_CUST_ACCOUNT","GEN_BALANCE_REPORT","VARCHAR2"
"STTM_BRANCH","MINOR_AGE","NUMBER"
"STTM_CUSTOMER","AUTH_STAT","CHAR"
"STTM_CUST_ACCOUNT","WITHDRAWABLE_UNCOLLED_FUND","NUMBER"
"STTM_BRANCH","FILE_CONS_TRN_CODE","VARCHAR2"
"STTM_BRANCH","BRANCH_CODE","VARCHAR2"
"STTM_CUST_ACCOUNT","AC_STMT_CYCLE3","CHAR"
"ACTB_HISTORY","AC_ENTRY_SR_NO","NUMBER"
"ACTB_HISTORY","CURR_NO","NUMBER"
"ACTB_HISTORY","PRODUCT_ACCRUAL","VARCHAR2"
"STTM_BRANCH","CHECKER_ID","VARCHAR2"
"STTM_CUST_ACCOUNT_DORMANCY","CUST_AC_NO","VARCHAR2"
"CSTM_PRODUCT","CATEGORIES_LIST","CHAR"
"STTM_BRANCH","CASA_AMTBLK_TRNCODE","VARCHAR2"
"STTM_CUST_ACCOUNT","AUTO_REORDER_CHECK_LEAVES","NUMBER"
"STTM_BRANCH","TAX_CERT_DAY","VARCHAR2"
"STTM_CUSTOMER","CHECKER_ID","VARCHAR2"
"CSTM_PRODUCT_GROUP","PRODUCT_GROUP","VARCHAR2"
"STTM_CUST_ACCOUNT","PREVIOUS_STATEMENT_DATE","DATE"
"STTM_CUST_PERSONAL","D_ADDRESS4","VARCHAR2"
"STTM_CUST_PERSONAL","BIRTH_COUNTRY","VARCHAR2"
"SMTB_MODULES","CHECKER_ID","VARCHAR2"
"STTM_CUST_ACCOUNT","DEF_SEQ","VARCHAR2"
"STTM_CUST_PERSONAL","PLACE_OF_BIRTH","VARCHAR2"
"GLTM_GLMASTER","GL_DESC","VARCHAR2"
"SMTB_MODULES","AUTH_STAT","VARCHAR2"
"STTM_CUSTOMER","IS_FORGOTTEN","CHAR"
"STTM_CUSTOMER","RISK_PROFILE","VARCHAR2"
"STTM_CUST_ACCOUNT","TD_CERT_PRINTED","CHAR"
"ACTB_HISTORY","DONT_SHOWIN_STMT","CHAR"
"STTM_BRANCH","OFFSET_HOURS","NUMBER"
"STTM_CUSTOMER","CIF_STATUS","VARCHAR2"
"STTM_CUST_ACCOUNT","AC_OPEN_DATE","DATE"
"STTM_CUST_ACCOUNT","TOD_LIMIT","NUMBER"
"STTM_CUST_ACCOUNT","EXPOSURE_CATEGORY","VARCHAR2"
"CSTM_PRODUCT","LOCATION_LIST","VARCHAR2"
"SMTB_MODULES","RECORD_STAT","VARCHAR2"
"STTM_CUST_ACCOUNT","DATE_LAST_DR_ACTIVITY","DATE"
"GLTM_GLMASTER","CBANK_LINE_CR","VARCHAR2"
"STTM_CUSTOMER","CRM_CUSTOMER","VARCHAR2"
"STTM_CUST_ACCOUNT","CR_HO_LINE","VARCHAR2"
"STTM_BRANCH","BRANCH_GROUP","VARCHAR2"
"STTM_CUST_ACCOUNT","PREV_LINE_NO","NUMBER"
"ACTB_HISTORY","TXN_INIT_DATE","DATE"
"STTM_CUST_ACCOUNT","CCY","VARCHAR2"
"STTM_CUST_ACCOUNT","ATM_DLY_AMT_LIMIT","NUMBER"
"ACTB_HISTORY","ORG_SOURCE","VARCHAR2"
"GLTM_GLMASTER","CHECKER_ID","VARCHAR2"
"SMTB_MODULES","LICENSE","VARCHAR2"
"STTM_CUST_ACCOUNT","DR_GL","VARCHAR2"
"STTM_CUST_ACCOUNT","LCY_TODAY_TOVER_DR","NUMBER"
"STTM_CUST_ACCOUNT","GEN_STMT_ONLY_ON_MVMT3","CHAR"
"CSTM_PRODUCT","MAKER_DT_STAMP","DATE"
"STTM_CUST_ACCOUNT","LAST_STATEMENT_NO","VARCHAR2"
"STTM_CUST_PERSONAL","CUSTOMER_NO","VARCHAR2"
"STTM_BRANCH","COD_INST_ID","VARCHAR2"
"STTM_CUSTOMER","DEFAULT_MEDIA","VARCHAR2"
"STTM_CUST_PERSONAL","PA_HOLDER_TEL_NO","VARCHAR2"
"ACTB_HISTORY","FINANCIAL_CYCLE","VARCHAR2"
"ACTB_HISTORY","ORIG_PNL_GL","VARCHAR2"
"STTM_CUSTOMER","CUSTOMER_TYPE","CHAR"
"GLTM_GLMASTER","GEN_STMT_ONLY_ON_MVMT","CHAR"
"SMTB_MODULES","TA_CLASS_APPLICABLE","CHAR"
"STTM_BRANCH","GEN_MT103P","CHAR"
"STTM_CUST_ACCOUNT","CHECKER_DT_STAMP","DATE"
"STTM_CUST_ACCOUNT","NETTING_REQUIRED","VARCHAR2"
"STTM_CUST_PERSONAL","PA_HOLDER_ADDR_COUNTRY","VARCHAR2"
"CSTM_PRODUCT","MOD_NO","NUMBER"
"STTM_CUST_ACCOUNT","DEFAULT_WAIVER","VARCHAR2"
"STTM_CUST_ACCOUNT","ACC_STMT_DAY2","NUMBER"
"STTM_CUST_ACCOUNT","MASTER_ACCOUNT_NO","VARCHAR2"
"STTM_CUSTOMER","WITHHOLDING_TAX","VARCHAR2"
"STTM_CUST_ACCOUNT","ESCROW_PERCENTAGE","NUMBER"
"STTM_CUST_ACCOUNT","ACY_AVL_BAL","NUMBER"
"ACTB_HISTORY","ENTRY_SEQ_NO","NUMBER"
"CSTM_PRODUCT","RECORD_STAT","CHAR"
"STTM_BRANCH","LDAP_TEMPLATE","VARCHAR2"
"STTM_BRANCH","WEEK_HOL1","VARCHAR2"
"STTM_CUSTOMER","FX_NETTING_CUSTOMER","VARCHAR2"
"STTM_BRANCH","CLEARING_BRN","VARCHAR2"
"GLTM_GLMASTER","FIRST_AUTH","CHAR"
"STTM_CUSTOMER","GROUP_CODE","VARCHAR2"
"STTM_CUST_ACCOUNT","ACY_MTD_TOVER_CR","NUMBER"
"STTM_CUST_ACCOUNT_DORMANCY","REF_NO","VARCHAR2"
"ACTB_HISTORY","USER_ID","VARCHAR2"
"STTM_CUST_ACCOUNT","TOD_LIMIT_START_DATE","DATE"
"CSTM_PRODUCT_GROUP","MAKER_ID","VARCHAR2"
"STTM_CUST_ACCOUNT","ATM_DLY_COUNT_LIMIT","NUMBER"
"STTM_BRANCH","TAX_CYCLE_CLOSURE_CHK_REQD","VARCHAR2"
"STTM_CUST_ACCOUNT","SPEND_ANALYSIS_REQD","VARCHAR2"
"CSTM_PRODUCT","NO_OF_LEGS","NUMBER"
"GLTM_GLMASTER","GL_CODE","VARCHAR2"
"STTM_CUST_ACCOUNT","ZAKAT_EXEMPTION","VARCHAR2"
"STTM_BRANCH","TRANSFER_TYPE","VARCHAR2"
"STTM_CUSTOMER","WHT_PCT","NUMBER"
"STTM_CUST_ACCOUNT","AUTO_CREATE_POOL","VARCHAR2"
"STTM_CUST_ACCOUNT","CLEARING_AC_NO","VARCHAR2"
"ACTB_HISTORY","AUTH_ID","VARCHAR2"
"STTM_BRANCH","COD_CUST_TRANSFER","CHAR"
"STTM_CUSTOMER","SEC_CUST_CLEAN_RISK_LIMIT","NUMBER"
"STTM_CUST_ACCOUNT","DATE_LAST_CR","DATE"
"SMTB_MODULES","USER_DEFINED_MODULE","VARCHAR2"
"STTM_BRANCH","BBAN_BANK_CODE","VARCHAR2"
"STTM_BRANCH","DRSUS_PROD","VARCHAR2"
"STTM_CUSTOMER","LOCAL_BRANCH","VARCHAR2"
"STTM_BRANCH","FUND_BRANCH","CHAR"
"STTM_CUST_ACCOUNT","BRANCH_CODE","VARCHAR2"
"STTM_CUST_PERSONAL","CUST_COMM_MODE","VARCHAR2"
"ACTB_HISTORY","AC_BRANCH","VARCHAR2"
"STTM_CUST_ACCOUNT","AC_STAT_NO_DR","CHAR"
"STTM_CUST_ACCOUNT","CR_CB_LINE","VARCHAR2"
"GLTM_GLMASTER","PREV_YR_ADJ_GL","VARCHAR2"
"STTM_BRANCH","MAX_CONT_SUSPENSE_AMT","NUMBER"
"STTM_CUST_ACCOUNT","ACY_UNAUTH_TANK_DR","NUMBER"
"CSTM_PRODUCT","NORMAL_RATE_VARIANCE","NUMBER"
"STTM_CUSTOMER","PINCODE","VARCHAR2"
"STTM_CUSTOMER","LIAB_BR","VARCHAR2"
"STTM_CUST_ACCOUNT","CR_GL","VARCHAR2"
"ACTB_HISTORY","ORG_SOURCE_REF","VARCHAR2"
"CSTM_PRODUCT","PART_OF_PRODUCT","CHAR"
"STTM_CUST_PERSONAL","PA_ISSUED","VARCHAR2"
"STTM_CUST_PERSONAL","PA_HOLDER_TEL_ISD","NUMBER"
"STTM_CUSTOMER","ACCESS_GROUP","VARCHAR2"
"STTM_CUSTOMER","REVISION_DATE","DATE"
"STTM_CUST_ACCOUNT","CHECKBOOK_NAME_2","VARCHAR2"
"GLTM_GLMASTER","TYPE","CHAR"
"STTM_CUST_ACCOUNT","INF_ACC_OPENING_AMT","NUMBER"
"STTM_BRANCH","PC_CLEARING_BRN","VARCHAR2"
"STTM_BRANCH","INTERDICT_TIME_OUT","NUMBER"
"STTM_CUSTOMER","JOINT_VENTURE","VARCHAR2"
"STTM_CUST_ACCOUNT","FUNDING_BRANCH","VARCHAR2"
"STTM_CUST_ACCOUNT","LATEST_SRNO_SUBMITTED","NUMBER"
"GLTM_GLMASTER","HO_LINE_CR","VARCHAR2"
"STTM_BRANCH","REV_SUSPENSE_ENTRY_DAYS","NUMBER"
"STTM_CUSTOMER","INDIVIDUAL_TAX_CERT_REQD","VARCHAR2"
"STTM_BRANCH","ENTERPRISE_GL","VARCHAR2"
"STTM_CUSTOMER","CIF_CREATION_DATE","DATE"
"STTM_CUST_ACCOUNT","DAYLIGHT_LIMIT_AMOUNT","NUMBER"
"STTM_BRANCH","REP_HISTORY_PERIOD","NUMBER"
"CSTM_PRODUCT","INSTRUMENT_PRODUCT_ALLOW","VARCHAR2"
"STTM_BRANCH","ELCM_REPLICATION","VARCHAR2"
"STTM_CUST_ACCOUNT","CRS_STAT_REQD","VARCHAR2"
"STTM_BRANCH","BBAN_BRN_CODE","VARCHAR2"
"STTM_BRANCH","COD_IB_TRN_CODE","VARCHAR2"
"STTM_CUST_ACCOUNT","RISK_FREE_EXP_AMOUNT","NUMBER"
"STTM_CUST_ACCOUNT","TRNOVER_LMT_CODE","VARCHAR2"
"ACTB_HISTORY","TRN_DT","DATE"
"STTM_BRANCH","TRANSACTION_CODE","VARCHAR2"
"STTM_CUSTOMER","INVEST_CUST","VARCHAR2"
"ACTB_HISTORY","AUTH_TIMESTAMP","TIMESTAMP(6)"
"GLTM_GLMASTER","CCY_POS_GL","CHAR"
"STTM_CUST_ACCOUNT","PASSBOOK_FACILITY","CHAR"
"STTM_CUST_PERSONAL","FIRST_NAME","VARCHAR2"
"ACTB_HISTORY","PERIOD_CODE","VARCHAR2"
"STTM_CUSTOMER","ISSUER_CUSTOMER","VARCHAR2"
"STTM_CUST_ACCOUNT","CONTRIBUTE_TO_PDM","CHAR"
"STTM_CUST_ACCOUNT","DEFER_RECON","VARCHAR2"
"CSTM_PRODUCT","ASSET_CATEGORIES_LIST","VARCHAR2"
"STTM_BRANCH","POSITION_LIABILITY_GL","VARCHAR2"
"STTM_CUST_PERSONAL","DATE_OF_BIRTH","DATE"
"STTM_CUSTOMER","GENERATE_MT920","VARCHAR2"
"STTM_CUSTOMER","SWIFT_CODE","VARCHAR2"
"STTM_CUST_ACCOUNT","CAS_CUSTOMER","VARCHAR2"
"GLTM_GLMASTER","AVG_BAL_REQD","VARCHAR2"
"STTM_CUSTOMER","UDF_3","VARCHAR2"
"STTM_CUST_ACCOUNT","ACY_UNAUTH_CR","NUMBER"
"STTM_CUSTOMER","PRIVATE_CUSTOMER","VARCHAR2"
"STTM_CUSTOMER","MAILERS_REQUIRED","CHAR"
"STTM_CUST_ACCOUNT","STMT_OF_FEES_REQ","VARCHAR2"
"STTM_CUST_ACCOUNT","NSF_BLACKLIST_STATUS","CHAR"
"STTM_BRANCH","ROUTING_NO","VARCHAR2"
"STTM_CUST_ACCOUNT","AUTH_STAT","CHAR"
"STTM_CUST_ACCOUNT","ACY_TODAY_TOVER_CR","NUMBER"
"GLTM_GLMASTER","IS_ACCRUAL","VARCHAR2"
"GLTM_GLMASTER","MOD_NO","NUMBER"
"SMTB_MODULES","FA_ENABLED","VARCHAR2"
"STTM_CUSTOMER","KYC_REF_NO","VARCHAR2"
"STTM_CUST_PERSONAL","AGE_PROOF_SUBMITTED","VARCHAR2"
"GLTM_GLMASTER","ONCE_AUTH","CHAR"
"STTM_CUSTOMER_CAT","RECORD_STAT","CHAR"
"STTM_BRANCH","BACK_VALUE_DAYS","NUMBER"
"STTM_CUSTOMER","LOC_CODE","VARCHAR2"
"STTM_CUST_ACCOUNT","SOD_NOTIFICATION_PERCENT","NUMBER"
"ACTB_HISTORY","RELATED_CUSTOMER","VARCHAR2"
"STTM_CUST_ACCOUNT","CHEQUE_BOOK_FACILITY","CHAR"
"STTM_CUST_ACCOUNT","ACC_TANKED_STAT","VARCHAR2"
"STTM_CUST_ACCOUNT","NOMINEE2","VARCHAR2"
"STTM_BRANCH","CRSUS_PROD","VARCHAR2"
"STTM_BRANCH","AUTO_AUTH","VARCHAR2"
"STTM_CUST_ACCOUNT","SUBLIMIT","NUMBER"
"STTM_CUST_ACCOUNT","PINCODE","VARCHAR2"
"STTM_CUST_PERSONAL","RESIDENT_STATUS","CHAR"
"STTM_CUSTOMER","SSN","VARCHAR2"
"GLTM_GLMASTER","ADDRESS2","VARCHAR2"
"GLTM_GLMASTER","CATEGORY","CHAR"
"STTM_BRANCH","BRN_AVAIL_STAT","VARCHAR2"
"STTM_BRANCH","NETTING_SUSPENSE_GL","VARCHAR2"
"ACTB_HISTORY","EVENT","VARCHAR2"
"CSTM_PRODUCT","CURRENCIES_LIST","CHAR"
"STTM_CUST_ACCOUNT","SWEEP_REQUIRED","VARCHAR2"
"STTM_CUSTOMER","UDF_4","VARCHAR2"
"STTM_CUST_ACCOUNT","IBAN_REQUIRED","VARCHAR2"
"STTM_CUST_PERSONAL","PA_HOLDER_NAME","VARCHAR2"
"STTM_CUST_ACCOUNT","ACY_TANK_UNCOLLECTED","NUMBER"
"STTM_CUST_PERSONAL","P_NATIONAL_ID","VARCHAR2"
"STTM_CUST_PERSONAL","D_ADDRESS2","VARCHAR2"
"CSTM_PRODUCT","WAREHOUSE_CODE","VARCHAR2"
"STTM_CUSTOMER","MFI_CUSTOMER","VARCHAR2"
"STTM_CUST_ACCOUNT","NO_CHEQUE_REJECTIONS","NUMBER"
"STTM_CUST_ACCOUNT","GEN_INTERIM_STMT","VARCHAR2"
"ACTB_HISTORY","CUST_GL","CHAR"
"GLTM_GLMASTER","AC_STMT_CYCLE","CHAR"
"STTM_CUSTOMER","ALLOW_VRTL_ACCNTS","VARCHAR2"
"STTM_CUSTOMER","RECORD_STAT","CHAR"
"STTM_CUST_ACCOUNT","AC_STAT_BLOCK","CHAR"
"STTM_CUST_ACCOUNT","AC_SET_CLOSE","CHAR"
"STTM_CUST_ACCOUNT","INTERIM_DEBIT_AMT","NUMBER"
"STTM_CUST_ACCOUNT","ACY_UNCOLLECTED","NUMBER"
"STTM_CUST_PERSONAL","D_ADDRESS1","VARCHAR2"
"ACTB_HISTORY","INSTRUMENT_CODE","VARCHAR2"
"GLTM_GLMASTER","CHECKER_DT_STAMP","DATE"
"STTM_BRANCH","POSITION_ASSET_GL","VARCHAR2"
"STTM_CUSTOMER","UNADVISED","VARCHAR2"
"STTM_CUST_ACCOUNT","SWEEP_OUT","VARCHAR2"
"STTM_CUST_ACCOUNT","BALANCE_REPORT_SINCE","VARCHAR2"
"ACTB_HISTORY","MIS_FLAG","CHAR"
"STTM_BRANCH","AUTH_STAT","CHAR"
"STTM_CUSTOMER","CAS_CUST","CHAR"
"STTM_CUSTOMER","SEC_CLEAN_RISK_LIMIT","NUMBER"
"STTM_CUSTOMER_CAT","MOD_NO","NUMBER"
"STTM_CUST_ACCOUNT","TXN_CODE_LIST","VARCHAR2"
"ACTB_HISTORY","MODULE","VARCHAR2"
"CSTM_PRODUCT","PRODUCT_TYPE","VARCHAR2"
"STTM_CUSTOMER","SHORT_NAME","VARCHAR2"
"STTM_CUST_ACCOUNT","LODGEMENT_BOOK_FACILITY","VARCHAR2"
"ACTB_HISTORY","IC_BAL_INCLUSION","CHAR"
"CSTM_PRODUCT_GROUP","CHECKER_DT_STAMP","DATE"
"STTM_CUSTOMER","TAX_CNTRY","VARCHAR2"
"GLTM_GLMASTER","ADDRESS3","VARCHAR2"
"STTM_BRANCH","LMTEXP_NOTIFY_DAYS","NUMBER"
"STTM_CUST_ACCOUNT","SALARY_ACCOUNT","VARCHAR2"
"GLTM_GLMASTER","POSTING_RES","CHAR"
"STTM_CUSTOMER","CUSTOMER_CATEGORY","VARCHAR2"
"STTM_CUST_PERSONAL","PPT_ISS_DATE","DATE"
"STTM_BRANCH","PROVISIONING_FREQUENCY","VARCHAR2"
"STTM_CUSTOMER","ALG_ID","VARCHAR2"
"SMTB_MODULES","IN_CLASS_APPLICABLE","CHAR"
"STTM_CUSTOMER","SEC_PSTL_RISK_LIMIT","NUMBER"
"STTM_CUST_ACCOUNT","AC_STAT_DORMANT","CHAR"
"STTM_CUST_ACCOUNT","PROJECT_ACCOUNT","VARCHAR2"
"STTM_CUST_ACCOUNT","GEN_STMT_ONLY_ON_MVMT","CHAR"
"STTM_CUST_ACCOUNT","PREVIOUS_STATEMENT_BALANCE2","NUMBER"
"CSTM_PRODUCT","PRODUCT_DESCRIPTION","VARCHAR2"
"GLTM_GLMASTER","PL_SPLIT_REQD","VARCHAR2"
"STTM_BRANCH","BBAN_FORMAT_MSK","VARCHAR2"
"STTM_CUSTOMER","UTILITY_PROVIDER_ID","VARCHAR2"
"STTM_CUST_ACCOUNT","DIRECT_BANKING","VARCHAR2"
"STTM_CUST_ACCOUNT","STATUS_SINCE","DATE"
"GLTM_GLMASTER","ULTI_PARENT","VARCHAR2"
"STTM_BRANCH","GL_CLASS","VARCHAR2"
"STTM_BRANCH","GENERATE","CHAR"
"STTM_CUSTOMER","FROZEN","CHAR"
"STTM_CUST_ACCOUNT","FUNDING_ACCOUNT","VARCHAR2"
"STTM_CUST_ACCOUNT","INF_PAY_IN_OPTION","VARCHAR2"
"STTM_CUST_PERSONAL","E_MAIL","VARCHAR2"
"STTM_CUST_ACCOUNT","STMT_OF_FEES_DEL_CHANNEL","VARCHAR2"
"STTM_CUST_ACCOUNT","NO_OF_CHQ_REJ_RESET_ON","DATE"
"STTM_CUST_ACCOUNT","AUTO_CHQBK_REQUEST","CHAR"
"STTM_CUST_PERSONAL","PPT_EXP_DATE","DATE"
"STTM_CUSTOMER","TREASURY_CUSTOMER","VARCHAR2"
"STTM_CUST_ACCOUNT","CONSOL_CHG_ACC","VARCHAR2"
"STTM_BRANCH","MSG_GEN_DAYS","NUMBER"
"STTM_CUST_ACCOUNT","AC_STAT_FROZEN","CHAR"
"ACTB_HISTORY","MIS_HEAD","VARCHAR2"
"GLTM_GLMASTER","RECORD_STAT","CHAR"
"STTM_CUST_ACCOUNT","ACY_BLOCKED_AMOUNT","NUMBER"
"ACTB_HISTORY","AMOUNT_TAG","VARCHAR2"
"ACTB_HISTORY","FLG_POSITION_STATUS","CHAR"
"STTM_BRANCH","CONTINGENT_SUSPENSE_GLSL","VARCHAR2"
"STTM_CUSTOMER","TAXID_NO","VARCHAR2"
"STTM_CUSTOMER","WHEREABOUTS_UNKNOWN","CHAR"
"STTM_CUST_ACCOUNT","ONCE_AUTH","CHAR"
"STTM_CUST_ACCOUNT","INTERMEDIARY_REQUIRED","VARCHAR2"
"STTM_CUST_ACCOUNT","ADDRESS3","VARCHAR2"
"GLTM_GLMASTER","ADDRESS1","VARCHAR2"
"STTM_CUSTOMER","CLS_CCY_ALLOWED","VARCHAR2"
"STTM_CUSTOMER","CHECKER_DT_STAMP","DATE"
"STTM_BRANCH","CHK_DIG_ALGO","VARCHAR2"
"STTM_BRANCH","CURRENT_PERIOD","VARCHAR2"
"STTM_CUSTOMER","FULL_NAME","VARCHAR2"
"STTM_CUST_ACCOUNT","ACCOUNT_CLASS","VARCHAR2"
"STTM_CUST_PERSONAL","CUSTOMER_PREFIX","VARCHAR2"
"STTM_CUST_PERSONAL","PREF_CONTACT_DT","DATE"
"ACTB_HISTORY","CATEGORY","CHAR"
"STTM_BRANCH","USER_DEF_ALGO","VARCHAR2"
"STTM_CUST_ACCOUNT","AC_STAT_STOP_PAY","CHAR"
"STTM_CUST_ACCOUNT","DORMANT_PARAM","VARCHAR2"
"STTM_BRANCH","RECORD_STAT","CHAR"
"STTM_CUST_ACCOUNT","CAMT_FREQUENCY","NUMBER"
"STTM_CUST_ACCOUNT","GEN_STMT_ONLY_ON_MVMT2","CHAR"
"CSTM_PRODUCT_GROUP","AUTH_STAT","CHAR"
"STTM_CUSTOMER","RP_CUSTOMER","VARCHAR2"
"STTM_CUST_ACCOUNT","ESCROW_BRANCH_CODE","VARCHAR2"
"STTM_CUST_ACCOUNT","LCY_TOVER_CR","NUMBER"
"ACTB_HISTORY","SOURCE_CODE","VARCHAR2"
"STTM_BRANCH","BBAN_DATA_TYPE","VARCHAR2"
"STTM_CUST_ACCOUNT","LOCATION","VARCHAR2"
"STTM_CUST_ACCOUNT","PREVIOUS_STATEMENT_DATE2","DATE"
"STTM_CUST_PERSONAL","HOME_TEL_NO","VARCHAR2"
"CSTM_PRODUCT","PRODUCT_REMARKS","VARCHAR2"
"STTM_CUST_ACCOUNT","CR_LM_REV_DATE","DATE"
"CSTM_PRODUCT","PRODUCT_END_DATE","DATE"
"STTM_CUST_ACCOUNT","MULTI_CCY_AC_NO","VARCHAR2"
"STTM_CUST_ACCOUNT","LATEST_RUNBAL_SUBMMITED","NUMBER"